Profile id,#friends,#following,#community,age,#postshared,#urlshared,#photos/videos,fpurls,fpphotos/videos,avgcomment/post,likes/post,tags/post,#tags/post,Label
1,39,300,907,200,1000,850,922,0.49,0.55,0.56,0.47,40,14,1
2,150,350,30,300,300,100,290,0.33,0.96,0.5,1.2,10,4,0
3,300,450,50,465,500,150,450,0.2,0.84,0.4,1.5,15,7,0
4,25,110,660,350,2050,2000,2050,0.97561,1,0.7,0.3,54,21,1
5,24,100,150,800,950,1000,900,1.052632,0.947368,0.66,0.5,55,20,1
